 id,reference_id,name,description
3896587261001,f4631c7c-a724-4226-920f-29de042e35c8,01A-IE-2013Image-Inshow.mp4,
3896725548001,f7d11d8b-d87a-499a-a64b-6ec14f243eb6,3lbs_IntroOcko_9M_640.wmv,Interview with Executive Producer Peter Ocko
3896587264001,f4f8adef-2df8-49bf-84cd-95d31b20a7a2,60_10212012_CIAN_DSI-30-16x9.mp4,
3896605886001,fdd68880-8132-4dec-84c4-993d82742422,60_11112012_FULL_DSI-30-16x9_464.mp4,
3896725547001,f7af1b08-619c-4137-8faf-20af134645d2,90210_ep509_CIAN.mov,
3896140774001,282fdad8-b7fa-4a92-9e9e-2bf4d888364d,AffairThe_Ep102_1300K_16x9_24.wmv,
3896587212001,c58bd8cd-8672-4752-b23b-d39fe9c1606c,AffairThe_Ep103_1300K_16x9_24.wmv,
3896587174001,077e601a-f71b-477d-a45d-2fcd41251e38,AffairThe_Ep104_1300k_16x9_24.wmv,
3896587200001,8288882d-5bac-40ba-856b-8d0616f058d2,AffairThe_Ep105_1300k_16x9_24.wmv,
3896140795001,7c7dfd31-1278-400e-93fb-752ef46f4557,AFF-Main Title Sequence with original music by Fiona Apple.mp4,
3896124258001,ea215cb6-f13a-4a13-8cc7-5ad4a57e2a77,AFF-s01-About.mp4,
3896124214001,425e459b-2d63-47b8-9a0c-9dec060dadf7,AFF-s01-Char_Profile_Alison.mp4,
3896587205001,9412e661-0812-4a9c-90e5-2bffa1b9844e,AFF-s01-Char_Profile_Cole.mp4,
3896587208001,ae9e6da5-da8f-4784-9daa-220d3c0b29f3,AFF-s01-Char_Profile_Helen.mp4,
3896140783001,3dfe4ee1-c913-431b-8a2e-58b45b0bcb90,AFF-s01-Char_Profile_Noah.mp4,
3896140835001,f19049d8-0412-4f80-87f8-2fcccb246d0b,AmericasNextTopModel_1602_1300K_4x3_25.wmv,
3896587230001,ee4cb498-2734-4bc0-b690-5e51e1640e5b,AmericasNextTopModel_1604_1300K_4x3_25.wmv,
3896140836001,f1ac03de-2c77-4529-b4a9-b0a68b0d00b4,AmericasNextTopModel_1605_1300K_4x3_25.wmv,
3896587250001,f1db49c1-43ee-44ba-a299-ce6290c6cca3,AmericasNextTopModel_Ep712_1300K.wmv,Caridee is chosen as the winner of Cycle 7 of America&#39;s Next Top Model.
3896587252001,f2234e0c-7e13-4d11-9c80-1efc3ce8cdee,ANTM_2012_HD_1864.mov,
3896605875001,fb93c25a-bbad-4870-b24f-4d42c9a6159e,ANTM-Car-S01-E105.mp4,
3896587185001,41277c10-fb2f-48c9-8aa5-4931350c87a6,ATM-s21-p2101-Premiere_30.mp4,
3896140843001,f33a62e2-6d55-41a1-aa1e-86b82ce418d0,AustraliasNextTopModel_S7_LaunchPromo_9000K_16x9_25.wmv,
3896587216001,d1605310-1632-4896-be98-9c3e2e985f2c,BAB-s02-p0201-Burn_Baby_60.mp4,
3896605859001,f6c466b7-7f67-4e12-a575-862135028403,BadGirlsGuide_sp_1300K.wmv,BAD GIRLS GUIDE is a side-splitting new thirty-minute comedy inspired by Cameron Tuttles popular series of self-help books; by the same name; about ones life; love; and career.
3896140844001,f392bf32-e8ce-4c2f-8d2e-dd26a1739f75,BEAUTY_BEAST_ep210_764K.mov,
3896587237001,efe9cf42-7236-48d6-a33f-a28fd7d41322,BeautyAndTheBeast_Pilot_Portuguese_1300K_16x9_24.wmv,
3896605690001,ff6edfcd-b24b-4122-ad04-d61cbebefab5,BeautyAndTheBeast_TooClose_9000K_16x9_30.wmv,
3896605679001,fd1b46e6-f086-46b5-a898-2e5d73d59d7c,Becker_107_1300K_4x3_24.wmv,Episode Title - Bad to the Bone
3896605893001,ffe275e5-b2dc-410b-a802-4c7ff30e8ba1,BeyondThePrairie_Promo_1M.wmv,The hardships; excitiement; adventure and romance of life on the prairie in 19th-century South Dakota are recounted in this dramatic biography about one of Americas most cherished authors; Laura Ingalls Wilder.
3896725558001,f91e0e39-25d0-49b4-990c-1ad25870405b,BlindJustice_promo_1300K.wmv,Most officers injured in the line of duty opt for desk jobs or early retirement. Dunbar; however; has rehabilitated his body and attitude and fought his way back to active duty. His fresh start at a new precinct is threatened by the simple truth that no o
3896587265001,f57d9867-2cc2-4802-a85d-5bed69041b42,BLUE_BLOODS_ep408_CIAN.mp4,
3896124268001,f18b6051-ab4a-4ddb-a39f-878dcac957d4,BLUE_BLOODS_ep410_CIAN.m4v,
3896725545001,f6e8589e-d797-4a0c-a38b-28477e78d140,BLUE_BLOODS_ep413_CIAN.mp4,
3896587239001,f03ee4ac-9ba8-4e6c-b828-68825bebf7ac,BLUE_BLOODS_ep417_CIAN.mp4,
3896124271001,f1fe6537-d66f-4bc5-a7cc-d396648cb6c6,BLUE_BLOODS_ep502_CIAN.mp4,
3896587195001,6a6b128a-2da9-4b27-b58c-bcac36cf0e17,BLUE_BLOODS_ep504_CIAN.mp4,
3896587222001,de7fcae5-3283-45f0-8c5c-7764f610929a,BLUE_BLOODS_ep505_CIAN.mp4,
3896587215001,ce38ec64-b63a-4dbd-93fd-d0270d11e4e9,BLUE_BLOODS_ep506_CIAN.mp4,
#N/A,7bcb1065-55e3-4750-8d61-9772e356baa5,Blue_Bloods_S2_EPK_PREVIEW.mov,
3896140773001,25b8d7cd-3b22-4cfd-9bab-9e23a476dd95,BlueBloods_Ep420_1300K_16x9_24.wmv,
3896124252001,db1c9c8b-89af-47af-8602-744f067931f9,BlueBloods_Ep503_1300K_16x9_24.wmv,
3896140822001,eb4e9fd6-100d-4cce-ad75-3b4936d0abff,BLU-s05-Gen_Family.mp4,
3896587258001,f3604529-ce68-4158-9d82-dfe1db621ae5,Borgias_Ep202_1300K_16x9_24.wmv,
3896725554001,f88274ec-65e0-4c26-b20d-76d6eda5dfbf,Borgias-S3-EPK.mp4,
3896605892001,febe801f-98b0-4706-8274-3881cd4b5061,BradyBunch_Ep091_1300K_4x3_24.wmv,The classic &#39;Ooh; my nose!&#39; episode. Marcia; wanting to date the school hunk instead of the nice but unspectacular son of a wallpaper salesman; breaks her date. Peter&#39;s errantly thrown football causes Marcia&#39;s nose to swell and her dream date to unravel.
3896725557001,f8c00a96-0a85-4c54-be22-60ab0b65ea68,Brotherhood_Pilot_1300K.wmv,Freddie Cork threatens to whack Michael unless Tommy throws state contracts Freddies way. Meanwhile; Michael gets into a beef with Moe Riley; one of Freddie Corks underlings; who is currently in control of Michaels old turf.
3896587255001,f2b5842a-84c5-44f2-9df4-fec933d7043a,Californication_DuchovnyInterview_9M_4x3_30.wmv,An interview with David Duchovny about the direction of the show
3896725562001,fa1e9333-e804-4c40-a53b-baa25f266a7e,Californication_Ep701_1300K_16x9_24.wmv,
3896140819001,e44c95c6-e00a-4b89-bc7e-3cb332a28383,CBS_2014_Premiere_Week_60_Brand_Spot.mp4,
3896140842001,f3358d89-7372-498f-a89f-37bfad3e79cf,CBS_CorporateImageReel_9M_4x3_30.wmv,CBS Corporate Image Reel 2006
3896140824001,ee97f0b9-6b4b-4c96-9c66-e8a1dad69304,CBS_INTL LANGUAGE 022111 MASTER_9000K_16x9.wmv,
3896587268001,f5ccab72-2c67-4525-a364-af22342ec34f,CBS_NCIS135TEST_9000K_16x9_24.mp4,NCIS: LOS ANGELES spinoff episode from NCIS.
3896124262001,f0679eab-65c0-472a-bba0-de8e5fecc508,CBS_News_Marketing_P2P_10_20Clooney_768K.mpg,
3896725575001,fdfda8e6-4030-4f50-8767-1eefac369288,CBSSI 2013 Sizzle Reel_9000K_16x9.wmv,
3896587227001,e85db49f-9566-4af0-a638-56b29c38fdc2,CBSSI Channels Branding 2014.mp4,
3896124270001,f1d43268-0f7f-4706-90e5-e2966f96567b,CBSSI-ChannelsSales-Jan2012.mov,
3896140841001,f2f89418-0697-4414-904c-4bc41c4249e7,CBSSundayMorning-Intl2012.mov,
3896124273001,f232393f-fbc8-4e09-8f53-3d721d376869,CentralParkWest103_1M.wmv,Gil calls the cops on Deanne but the police have a hard time believing that Deanne is keeping him hostage in his own apartment. Stephanie hires Rachel Dennis from London as a new fashion editor.
3847971910001,14e4e079-54c0-4914-8ffb-c30f719bb5f0,CESQ-UK-S01-E0001R-Web.mp4,
3896605675001,fb1aed22-c789-4939-8099-53af0b35a344,CFN_s05_EPK_Duchovny_16x9_30.wmv,
3896725578001,fe98ced3-08e1-41eb-be99-e5f93b39a56d,CFN_s05_EPK_McElhone_16x9_30.wmv,
3896140820001,e8ed7af6-b89d-4f7b-8097-53e960742dfc,CFN-s07-Best_Of_Bites.mp4,
3896587203001,90df0613-b6bc-49f1-97b4-1bd1d704a3a0,CFN-s07-Guest_Stars.mp4,
3896587232001,ef06e6d3-ba91-49dc-9c1f-53eda6955823,Chellodrama-Promo020_1300K_4x3_25.wmv,David & Maddie character teaser
3896140851001,f56f2e53-34bf-4ea2-bc5c-228938d306e2,CHE-NL-S01-E0001-Web.mp4,
3896605666001,f8f5a5b8-daed-496f-bc96-af0f861f0e00,ChrisIsaakShow_Ep034_1M.wmv,At the request of his mother; Dr. Dorothy Isaak; Chris agrees to organize a charity benefit concert at Bimbos. The night of the event; during a torrential rain storm; he shares the stage with an amazing line-up of talent  among them Green Day; The Goo Go
3896124246001,c7ac570d-6548-450c-bc8d-43987ec7483b,Craig Ferguson - James Corden Photo.mp4,
3896605673001,faa37da9-22b3-4a0d-b323-f50b84b0da34,CSI_Ep1201_1300K_16x9.wmv,
3896140838001,f1e372cc-92b4-4f00-b350-2c04778804f6,CSI_Ep1402_1300K_16x9_24.wmv,
3847974331001,cd5bec9b-b82b-419e-b278-1b056c2821dd,CSI_ep1420_CIAN.mp4,
3896605883001,fd822fd6-0e43-4128-8aa2-33a27d708131,CSI_ep1421_CIAN.mp4,
3896124209001,3035f22b-096e-45ab-82b6-ce29f9a4546b,CSI_ep1503_CIAN.mp4,
3896124250001,d03b4726-640a-4471-9795-5e19e4530ef8,CSI_ep1504_CIAN.mp4,
3896140813001,c5b6d512-0e56-4e3b-9b61-44a3f368379b,CSI_ep1505_CIAN.mp4,
3896124279001,f50ad08e-40fc-44f2-826f-5996c7ec65ea,CSI_NY_ep903_CIAN.mov,
3896587257001,f340f379-42e9-4407-ac7a-00fe74cf0f0d,csi_ny_ep908.mov,
3896725560001,f9497db5-c5de-48e4-bd2f-f6730792eebf,csi_ny_ep909_CIAN.mov,
3896587196001,6ab47178-a429-419d-8b14-04a5ddea46cc,CSICyber_Ep101_V2_1300K_16x9_24.wmv,
3896725551001,f80ea2b5-1a02-4aca-90f2-c0976bc1a25a,CSI-epi1315_CIAN_DSI-16x9_24_764.mp4,
#N/A,4ef458fc-de78-40a3-85b8-e0ff3ed192e3,CSIMiami-epi807-CIAN_9000K_16x9_24.mp4,Horatio Caine (David Caruso) calls Dr. Ray Langston (Laurence Fishburne) to come to Miami when a severed leg found in the Everglades is discovered to belong to a girl who went missing in Las Vegas a week earlier.  
3896140761001,03792ebe-eabb-461e-818c-605c3ec1b494,CSI-s15-p1501.mp4,
3896124249001,ccb36e42-698b-4a07-bc2d-3c2dbc846bd1,CSIV S14 CLSR LK EPK PT1 PREVIEW.m4v,
3896140808001,a6c6e5f3-4657-423c-aeb2-de2e6b42d25b,CSIV S14 CLSR LK EPK PT2 PREVIEW.m4v,
3896587214001,c96d232c-2386-4099-ae14-254e51511585,CSIV S14 Kitty Featurette PREVIEW.m4v,
3896725559001,f9225ea4-0693-45c3-b61c-d4698bb01b75,CWMarketing_Game_9000K.wmv,Being the wife or girlfriend of a pro-football player might sound like a glamorous and stress-free existence; but Melanie Barnett (Tia Mowry) is about to discover the truth. 
3896605678001,fcf53dff-2d6e-4371-9564-ea9452aa7026,Defenders_Pilot_Spanish_1300K_4x3_24.wmv,
3896140849001,f4bab299-1378-4b9d-abf6-e9ab940a5dc7,Dexter S8 EPK.mp4,
3896725544001,f6e53731-0643-43a7-8e22-5c4fcb79a2b5,Dexter_Ep101_1300K.wmv,Dexter Morgan: blood spatter analyst for the Miami Metro P.D. by day; serial killer by night. Dexter preys upon criminals who have escaped the law; but not necessarily justice.
3896140840001,f2be00d6-a2c0-4e85-aa5f-ba44592c2950,Dexter_Ep701_1300K_16x9_24.wmv,
3896124276001,f28f4d24-86f7-4902-b33d-41ca1e1c31ef,Dexter_Ep809_1300K_16x9_24.wmv,
3896124269001,f19a8de0-673c-486e-975c-236bc5847c83,Dexter_itrl_9M.wmv,Dexter Morgan: blood spatter analyst for the Miami Metro P.D. by day; serial killer by night. Dexter preys upon criminals who have escaped the law; but not necessarily justice.
3896605660001,f7e514ab-d576-47fd-8942-e9af53622964,Dexter_Season4_EPK-Part2_1300K_16x9_30.wmv,Part 2 of the EPK for Dexter Season 4.
3896587210001,b35f57bc-f783-46a2-9a32-6e313cce6eee,Docs_S7_Specialists_Promo_1280x720.mov,
3896124212001,3afce7e0-6a14-4260-8d6a-59cab12a94b5,Docs_S7_Warning_Generic_1280x720.mov,
3896605658001,f7dd4edb-2c6e-4edc-ba78-b3fbb1133d7c,Doctors_1067_1300K_4x3_30.wmv,Common problems & household cures. 
3896140817001,d4ae6f03-59ca-4128-a80f-a1beb409a90c,Doctors_S7_Stronger_Promo_30_Sec_Spot_1280X720.mov,
3896140803001,8dc42572-1cc0-48ec-a315-ef7daf99e948,DoctorsThe_Ep7012_V2_1300K_16x9_30.wmv,
3896605857001,f638114b-d7a6-41e0-b911-497528b5c489,DoctorsThe_Ep7013_1300K_16x9_30.wmv,
3896725549001,f8029fc8-5c47-41ca-8304-f299a3e616dd,DoYouTrustMe_SizzleReel_9000K_4x3_30.wmv,Two contestants who are total strangers play as a team in pursuit of over $1 million while testing their ability to trust one another. 
3896605887001,fde8897f-259f-4f35-84c7-ef8e5a4b65ed,DrPhil_Ep7007_1300K_4x3_30.wmv,Dr. Phil returns for his 7th Season. 
3896725570001,fd15c624-2bf8-4f8c-b394-e9c12f32af1e,DYNASTY_022_CONTENT_CIAN.flv,
3896140847001,f47792fe-8924-4af3-8b09-d6fded0d6a86,DYNASTY_ep206_CIAN.mp4,
3896124227001,6c8c8339-16f3-4322-8d03-ba278e0cd957,DYNASTY_ep217_CIAN.mp4,
3896605881001,fd289e3b-c482-4037-b7f9-ae785afa03ea,DYT-US-S01-E102-Web.mp4,
3896124210001,34701c88-9a8f-4af4-81c9-bcd97105deb9,DYT-US-S01-E103-Web.mp4,
3896140770001,1c1c941d-6cb0-481e-a5c0-69eff983d9ad,DYT-US-S01-E104-Web.mp4,
3896140821001,e90c8c8b-1e07-4b08-8749-d2a69a3b5dc3,DYT-US-S01-E105-Web.mp4,
3896140828001,f03a2d3e-6585-4d89-aa0b-4a30c831e8f7,DYT-US-S01-E106-Web.mp4,
3896605654001,f5c26eeb-2f13-4f21-aaa1-08c7d0eb1dc2,EHC_055_CIAN.mp4,
3896725556001,f8bf9f23-b35a-4817-91a2-b206237e042d,ELE Inside S2 EPK PREVIEW.m4v,
3896605858001,f6443427-c004-44da-8238-477905ef9e7f,ELE S2 1ST LK CBSSI EPK PREVIEW.mov,
3896124235001,9a5fc5b7-da6d-4149-8161-37624867a9cc,Elementary_302_1300k_16x9_24.wmv,
3896605677001,fcc7643d-6778-447f-b6bc-42260c30b011,ELEMENTARY_ep222_CIAN.mp4,
3896587204001,914da73b-19f8-4593-95bd-77dd0f065791,Elementary_Ep301_1300K_16x9_24.wmv,
3896124244001,c1efa702-f684-48d4-9a75-626f8833881d,ELE-s03-Gen_Typical.mp4,
3896587192001,6249600f-1e1a-42de-a071-fe76053845c6,ELE-s03-p0301.mp4,
3896725546001,f75a663d-173d-4264-bac3-92b328e331d0,EntertainmentTonight_Ep8606_1300K_16x9_30.wmv,
3896140830001,f0755c87-1ab8-40f4-9451-247dfe1559fb,EntertainmentTonight_Ep8618_1300K_16x9_30.wmv,
3896140832001,f09433cc-a42f-44c1-b6ee-dfa5c306e7a9,EverybodyLovesRaymond_compsp_1300K.wmv,Everybody Loves Raymond; from the first season to the last.
3896587260001,f3f35bae-c226-4b6b-8fd4-929223e4b9d9,Excused_1008_1300K_4x3_30.wmv,
3896725543001,f6e178d7-8d1b-4f6a-9ffd-ac6fa36abec7,Excused_Sales_Presentation_1300K_16x9.wmv,
3896725571001,fd409ca1-47c6-4e6f-94a6-15ed775e2fa0,EXTANT_ep107_CIAN.mp4,
3896587251001,f21c8df5-03c2-4d85-a576-0052a05739dc,ExtraordinaryMeasures_dtlr1_9000K_16x9_24.wmv,In the tradition of great inspiration dramas like the Academy Award nominated film Erin Brockovich and The Pursuit of Happyness; EXTRAORDINARY MEASURES is inspired by the true story of John Crowley; a man who defied conventional wisdom and great odds; and
3896587209001,b18130f9-9d2e-44a1-9fd6-063b45497218,EXT-s01-Woman_Teaser.mp4,
3896124238001,a1d35f94-3f39-490b-b774-014582a1ac5d,FamilyTies_Ep162_1300K_4x3_30.wmv,
3896140850001,f4cf85a3-20cf-48f6-b362-b02d9b0708f9,FlyGirls_Ep101_1300K_4x3_24.wmv,A reality series like now other. Flight attendants from Virgin Airlines share the air and share a posh house. 
3896605873001,fb365c4a-63fb-4174-95c9-54a8a550322c,FlyGirls_Promo_9000K_16x9_30.wmv,Flight attendants for Virgin Air are bringing sexy back. 
3896605856001,f6133349-7f18-403f-92a3-05b047dc4ecb,GAME_ep045_CIAN.mp4,
3896124287001,f647429f-0783-4417-9a3a-5c80321c29d8,Gigolos_Ep301_FreeTVersion_V2_1300K_16x9_24.wmv,
3896124266001,f0fddfd6-2ae5-40d0-b338-d6d952980c02,Gigolos_Ep310_1300K_16x9_24.wmv,
3896605863001,f77f917a-440e-41d0-bd0f-0b25a88f1933,Girlfriends_Ep100_1300K.wmv,Joans mother makes a surprise visit and constantly criticizes her; particularly about anything regarding her decision to open the restaurant. Joan grows fed up with her lack of support and tells her off; prompting Carol to leave.
3896140848001,f47b664d-0799-4670-ab80-cb46eedc570a,GOOD_WIFE_416_CONTENT_CIAN_DSI-16x9_24_1864.mp4,
3896605885001,fdc4e559-a07a-4822-b5cf-ce72e9abca31,GOOD_WIFE_419_CONTENT_CIAN_REMAKE_1864K.mov,
3896605884001,fd85ea57-db79-4020-bf92-09390fddf857,GOOD_WIFE_503_CIAN_1928.mp4,
3896605674001,faee2869-07fe-4769-b2fb-0d2ee808c0bb,GOOD_WIFE_ep507_CIAN.mp4,
3896140777001,2fd7f49e-490e-4463-a50b-11861769136b,GOOD_WIFE_ep603_CIAN.mp4,
3896140789001,57e4f53d-c018-49c7-a077-c1fd0b4ff59e,GOOD_WIFE_ep604_CIAN.mp4,
3896587217001,d2b848f5-c4fe-474c-bd6a-097214383783,GOOD_WIFE_ep605_CIAN.mp4,
3896124218001,477e6bcf-4fd6-486d-a9e2-132156802ec1,GOOD_WIFE_ep606_CIAN.mp4,
3896124231001,8a5d38af-cbbe-4afd-a0e1-a5cd10decf84,GOOD_WIFE_ep607_CIAN.mp4,
3896605888001,fe40f3b3-b089-4a21-be3f-fa7392b93fe4,goodwife_ep413_CIAN.mov,
3896725580001,ff1e7c22-6396-4d1a-8670-d6bf0a055c90,GoodWife_Pilot_LAS_1300K_4x3_24.wmv,A woman is disgraced by her politician husband and then goes back to work as a lawyer to support her family. 
3896725568001,fbdbd46d-f345-4180-bf96-2cd3d1e9934f,GreeceNTM_S1Promo_9M_4x3_30.wmv,Three launch promos for Greece&#39;s Next Top Model; hosted by Vicky Kaya.
3896605676001,fca1c5b0-be14-461a-abc1-78e235d4f0c5,GreenRoom_101_1300K_16x9_24.wmv,Hosted by Paul Provenza. Drew Carey; Reginald D. Hunter; Eddie Izzard; Larry Miller; Jonathan Winters;
3896140778001,32c087fa-2afd-4202-8148-f7c6ec3c1bfd,GWF_s06_FirstLookEPK-handbrake.mp4,
3896587253001,f289eab4-e834-4564-b30e-a956e6993f03,GWF4_CLSRLK_EPK_PREVIEW.mov,
3896140815001,cc3784fe-5f5e-4c40-97bc-fc88d2c32cff,GWF-s06-p0601.mp4,
3896124277001,f3175162-e1e0-4086-9765-e8ff721938a9,H50_Faces_Weapons_PREVIEW.mov,
3896140794001,7657bcc1-78b1-460b-a640-38336a65a0ba,HAW S5 1ST LK 100 EPK PREVIEW.m4v,
3896140800001,85b7cb71-25ce-4074-8336-758ffc44d881,HAW S5 1st LK 100 Featurette PREVIEW.m4v,
3896587254001,f291cc95-8b49-49a0-8652-4fe545de2c97,HAWAII_FIVE_0_318_CONTENT_CIAN_DSI-16x9_24_1864.mp4,
3896124264001,f0e50867-9db7-4feb-873e-7403cd7aac42,HAWAII_FIVE_0_ep207_HD.mov,
3896605866001,f8905d83-380c-4893-959c-b3925a512157,HAWAII_FIVE_0_ep215_HD.mov,
3896725579001,fec96580-6aa6-4718-9186-79e8456081c7,HAWAII_FIVE_0_ep414_CIAN_1864.mov,
3896140796001,7f8ecdd3-a823-404f-adcb-d9b7ad249782,HAWAII_FIVE_0_ep501_CIAN.mp4,
3896587199001,824050b0-e8c2-4649-81a2-6239f9cfcdbd,HAWAII_FIVE_0_ep504_CIAN.mp4,
3896587178001,18941807-b16a-4e69-87b9-45c372805262,HAWAII_FIVE_0_ep505_CIAN.mp4,
3896140765001,0ea8ff09-a625-46db-8de4-354af85704b3,HAWAII_FIVE_0_ep506_CIAN.mp4,
3896587183001,3b130245-0f44-48fe-8d5e-2683acb0c353,HawaiiFiveO_Ep502_1300K_16x9_24.wmv,
3896140786001,4c55ed1b-6465-44f6-af14-6d6c6d1d1a14,HawaiiFiveO_Ep503_1300K_16x9_24.wmv,
3896587240001,f05f10e1-75b6-465c-9d7b-779b5695acda,HAW-s05-Gen_Paradise.mp4,
3896140801001,87a7d27c-ce7d-44fa-bbce-f62c3377ca30,HAW-s05-p0503.mp4,
3896140797001,816f71be-3bf5-442f-a962-154197c91aec,HB-s01-Sparks_Will_Fly_30.mp4,
3896605890001,fe70fed9-ca49-4e23-915f-028d53beca32,HOL S3 1ST LK EPK PREVIEW.m4v,
3896605692001,ffc8b34d-39c3-4107-90ec-0360286221fe,HOL-closing_canNov11.mp4,
3896605891001,febd9391-94d4-48c1-a695-d054f9b2e72a,HollywoodSquares–TurkeyS2.m4v,
3896587181001,3274c675-8e97-4b49-aa7c-efe051c87e19,Hotel_Ep107_1300K_4x3_24.wmv,
3896605661001,f8060fea-bd41-4c6a-a2fb-5dd553c35e7d,HotTicket_Ep3014_1M.wmv,Leading Ladies battle it out for the Oscar
3896587245001,f18543a2-a5ff-4923-8fcd-6eac007512a8,HouseOfLies_Ep104_1300K_16x9_24.wmv,
3896587244001,f13adc3b-06e9-4d30-8ec8-7c98f31591ed,HouseOfLies_Season1Recap_9000K_16x9_30.wmv,
3896605691001,ffb2ed4f-4092-4456-a8a2-0f1e54b7a0f3,IGetThatALot_101_1300K_4x3_30.wmv,I GET THAT A LOT features celebrities tricking everyday citizens in a case of supposed &#39;mistaken identity.&#39;  Working ordinary jobs; these celebrities confuse customers who can&#39;t decide if it&#39;s the actual celebrity or an astonishing look-alike. As these ce
3896605686001,feaa8687-3909-4fdb-9ffd-3ec4f0b3a39a,ILoveLucy_Ep150_1300K_4x3_24.wmv,En route to Rome by train; Lucy is spotted by a famous Italian cinema director and chosen to play a part in his new movie &#39;Bitter Grapes.&#39; Lucy sets out to immerse herself in the role. When she nonchalantly wanders into a vineyard inhabited by a motley as
3896124241001,b0cf699a-dc7d-4f65-803a-c148f302fec2,InsideEdition_Ep0915_1300K_16x9_30.wmv,
3896587224001,e4d1e175-a537-44c1-ac80-925221de0ab5,InsiderThe_Ep524-1_1300K_16x9_30.wmv,
3896605871001,f9c117de-bccc-494e-8458-fb172d6f3b20,Introducing James Corden.mp4,
3896587197001,6e59987c-c828-4f0f-a4c1-b69e10ddc91e,JAN S1 1ST LK EPK PREVIEW.m4v,
3896725574001,fdc24e3a-b7d9-41da-9639-b49dec0b17e0,Jane the Virgin Upfront Pres outside.mp4,
3896587220001,d90876f1-3196-4104-a8ad-6f29e7eeedc2,JaneTheVirgin_102_1300k_16x9_24.wmv,
3896140792001,66acb19b-4c5a-475b-b6ec-b1fa4decc82a,JaneTheVirgin_Ep101_1300K_16x9_24.wmv,
3896140775001,297cf346-7771-4418-a368-57b7161a6fc8,JaneTheVirgin_Ep103_1300K_16x9_24.wmv,
3896124247001,c9fdc717-105b-4c14-86c9-22535cd35715,JAN-Gina Greeting 2.mp4,
3896140784001,4802e675-1268-4f53-a54d-59b4347b1a36,JAN-s01-JaneMakesThree60.mp4,
3896124225001,623726b9-1bcf-4154-b75a-246605dfc53c,JAN-s01-Premise30.mp4,
3896725565001,fb81ebb0-6739-4756-a6c0-83e3f5b4581b,JAN-s01-ThreeGen30.mp4,
3896605865001,f8151512-3927-4d2e-b88c-2fa713e89909,Jeopardy_6086_1300K_4x3_30.wmv,
3896605876001,fbc70c6f-6fc9-45cf-8735-8a8e39f87b94,Jeopardy_6087_1300K_4x3_30.wmv,
3896587246001,f1a299be-c549-4b67-8a2e-8613943cd8f4,JeopardyPanArabicFormat_Ep104_1300K_16x9_25.wmv,
3896605872001,fb19ca20-4ce0-4e44-a7b7-a53886c2ef22,JEO-TR-S01-E0100.m4v,
3896605685001,fe92528d-d6af-4ecc-87f1-670294e65ea9,JERICHO_009_CONTENT_CIAN_DSI-16x9_24_1864.mp4,
3896605659001,f7e40c6b-357f-4a56-8d65-a18820003ec4,JudgeJoeBrown_Ep1526_alt_1300K.wmv,Paralegal Nicole Howell says her ex girlfriend owes for an unpaid loan.
3896605879001,fc557270-7b3e-4fe5-9b8e-06e8f2d149cd,JudgeJudy_Ep2202_1300K.wmv,Two women battle over a dog and puppies. 
3896124233001,9146d023-c7d8-47a3-9092-56ec81e438b3,KidsSayTheDarndestThings_Ep321_1300K_4x3_30.wmv,
3896587249001,f1b91ab0-b5c7-4895-b2c5-730af81cacd5,KidsSayTheDarndestThings_Ep322_1300K_4x3_30.wmv,
3896140825001,ee9a0a4b-0633-437e-a0b8-e9c03031b3c8,KTCH-RU-S01-E102.mp4,
3896124282001,f5946a21-bcf0-4600-bca5-e2bfd3f70866,LAScreenings2009SizzleReel_9000K_16x9_24.wmv,The new CBS Studios International with the unparalleled library of television titles.
3896587218001,d2bf9a60-0585-460c-bcfd-aaccda538e90,LateLateShow_Ep0908_1300k_16x9_30.wmv,
3896140764001,05957e2f-7083-4fda-a628-53f26181b64a,LateShow_Ep0422_1300K_16x9_30.wmv,
3896140845001,f3942575-2e7a-43f2-bb57-565898df107f,LAVERNE_SHIRLEY_081_CIAN.mp4,
3896605862001,f7164e33-82ed-469d-8540-6edce5620b9e,LifeIsWild_Interview_9M_4x3_30.wmv,Executive Producer interview with Michael Rauch
3896605684001,fe77dd5c-405f-4553-964b-fbb0bd9c7133,LifeUnexpected_Ep201-14_1300K_16x9_24.wmv,LifeUnexpected_Ep201-14_1300K_16x9_24.wmv
3896725582001,ff5439ec-8b63-4e34-872a-7ce870709bd5,LifeUnexpected_Pilot_1300K_16x9_24.wmv,Unmatched
3896124280001,f573c484-99eb-4f9e-8656-6f4430f335c1,LoveBoat_ep86_1300K_4x3_24.wmv,Isaac&#39;s Teacher / Seal Of Approval / The Successor
3896140816001,ce462af0-c7c7-4eda-b436-0ec081ed9655,LUCKY_DOG_3123R2_1300k_16x9_30.wmv,
3896124226001,695a3aed-c167-4e78-bdc3-0b7745ad4a1f,LUCKY_DOG_3125R1_1300k_16x9_30.wmv,
3896605861001,f6f1019a-132e-4b9b-9a4d-fd3f5f84a98b,LUCKY_DOG_ep3117_CIAN.mp4,
3896605681001,fdf1c23e-d294-4525-9354-958efc4c0752,LWordMississippi_HateTheSin_1300K_16x9_24.wmv,
3896587236001,ef81483d-8dfc-4098-b246-c9379bb8080a,MADAM SECRETARY-PressDVD-EP0103.mp4,
3896124242001,b7d4f03b-ed58-490f-b254-bc823dbb4b37,MADAM_SECRETARY_ep104_CIAN.mp4,
3896587180001,30230232-b5c3-40b0-8d83-30d8f9d0afdc,MADAM_SECRETARY_ep105_CIAN.mp4,
3896587189001,4e372e7b-4e45-4bf0-9aa8-cd1d5cac303a,MADAM_SECRETARY_ep106_CIAN.mp4,
3896140804001,935f4001-f2ca-4f42-8322-f45ab93e31d0,MADAM_SECRETARY_ep107_CIAN.mp4,
3896124240001,a6ab7406-cf81-45f5-820b-b1638dbc1faa,MadamSecretary_Ep102__1300k__16x9_24.wmv,
3896587188001,47747845-ff9e-4b28-b855-759806ef808f,MadamSecretary_Ep102_1300k_16x9_24.wmv,
3896124229001,7f400b70-3340-42c5-9304-c1fe308601bb,MadamSecretary_Ep103_1300k_16x9_24.wmv,
3896140811001,c57f2f54-92f4-46c2-a5f8-b2c7eb8b9ab3,MAD-s01-Brave_Teaser.mp4,
3896140780001,3868ef43-894c-4d3b-83cb-20b5553ef990,MAD-s01-Intense_Teaser.mp4,
3896124202001,0e918615-082a-4c42-bc37-1eaf9b25bbb5,MAD-s01-Oath_Teaser.mp4,
3896124243001,bae434c4-0cf9-476f-b64a-64f072568d94,MAD-s01-Outsiders_Teaser.mp4,
3890445360001,04599d74-951c-4579-a6f6-ad8601b2dd03,MAD-s01-p0102-Quotes_Version.mp4,
3896587175001,0d4a434b-8670-491f-af15-d743c418d39b,MAD-s01-Steps_Away_Teaser.mp4,
3896124221001,4eccaccb-8172-4570-b9b8-ad0c978b129c,MAD-s01-Timeline_Teaser.mp4,
3896140781001,3d696223-b322-488a-8ec6-992c81f81aea,MAD-Tea Greeting 2.mp4,
3896725567001,fb9839a9-e188-4d92-84ed-8101257d8312,MaximumExposure_Ep017_1300K_4x3_30.wmv,
3896124211001,383fcf7b-5664-48fc-92d2-0c954b0a1787,McCarthysThe_Ep101_1300K_16x9_24.wmv,
3896587186001,4469b4da-cf5a-4332-a559-d7123b00c762,MCC-s01-Irish_Jig_Teaser.mp4,
3896587229001,eb89c68b-c59a-443b-a8de-cfe616bb6aae,MCC-s01-My_Family_Teaser.mp4,
3896140767001,180b445d-89e2-4713-a448-87902f1eb80f,MCC-s01-Portrait_Teaser.mp4,
3896124219001,4d213d3d-704e-45d6-a509-3e859b1f9c28,MCC-s01-To_The_Left_Teaser.mp4,
3896605889001,fe698d0f-68eb-4f0d-a6d6-37219ff760bb,Medium_2008IPJEPK_1300K_16x9_24.wmv,Season 5 EPK filmed during the International Press Junket.
3896124278001,f4b01015-eeaf-4865-ac98-98595fe0f532,MelrosePlace_Grand_Ep103_1300K_4x3_24.wmv,Jonah becomes infuriated when he discovers that his fiancee has not yet informed her family and friends about their engagement; forcing Riley to turn to Auggie for comfort.
3896124261001,f004fa40-4cac-40ab-8ef4-7f155138635f,Messiah3_Ep002_1300K.wmv,The Promise: Following a horrific prison riot; injured inmates are taken to a local hospital where theyre stalked by a merciless serial killer.
3896587269001,f5d51fbe-2770-4930-bc8e-b1b81b65f587,MexicosNextTopModel_Season1_Promo_9M_4x3_30.wmv,Compilation of on-air promos. Hosted by Elsa Benitez
3896725576001,fe6f7b08-a4f5-4dab-a37f-a02c7c434285,MILLERS_ep113_CAN.mp4,
3896605656001,f7378c95-8258-492a-ad68-f1724955d601,MILLERS_ep117_CIAN.mp4,
3896124224001,5b569be2-9a72-4814-8786-826bc8b4a54a,MILLERS_ep203_CIAN.mp4,
3896124208001,2b22c393-a029-45b6-989a-a311a0dbb319,MILLERS_ep204_CIAN.mp4,
3896140805001,a0129b5b-d479-4169-abea-7e9290db12b0,MIPCOM2014-Keynote-Stapf_Nunez-Worldscreen.mp4,
3896725550001,f8078856-bdf2-48b8-a8e5-588434fa3994,MP2-S1-INTL-EPK_1300K_16x9_24.mov,Generic character interviews: Katie Cassidy; Colin Egglesfield; Stephanie Jacobsen; Jessica Lucas; Michael Rady; Shaun Sipos; Ashlee Simpson-Wentz; Thomas Calabro; Laura Leighton and Heather Locklear
3896587259001,f3adf4f2-2b31-443d-8366-c05b0f7d7d7c,NavyNCIS_Ep196_1300K_16x9_24.wmv,
3896587172001,05c6ca87-2280-4554-bf38-d5b7039af780,NCIS_259_1300k_16x9_24.wmv,
3896140827001,ef8de668-69d9-45e9-8e70-a690e3c7c844,NCIS_Ep048_1300K.wmv,Days before his execution; a convicted serial killer caught by Gibbs ten years ago says he willl reveal the location of his victims bodies; but only if Gibbs interviews him again.
3896140837001,f1e1046e-8d31-4da6-b870-f9f17b612144,NCIS_ep186_CIAN.mp4,
3896587243001,f118a503-9078-4f34-ac1b-8fa7a564007e,NCIS_Ep200_1300K_16x9_24.wmv,
3896605655001,f688ec94-39d3-4d6a-ad9d-f808ad71c254,ncis_ep216.mov,
3896605669001,f93f924b-c581-442e-89b6-38a7d790907a,NCIS_Ep235_1300K_16x9_24.wmv,
3896587206001,9544b63d-ab74-4d19-b17d-193ac8f73610,NCIS_Ep260_1300K_16x9_24.wmv,
3896124223001,5a4ca5f4-6bfb-4acf-aae9-bf58a0e87b2c,NCIS_ep261_CIAN.mp4,
3896124272001,f22bc105-4500-4adf-8c9e-6dfb35aee85a,NCIS_ep262_CIAN.mp4,
3896587202001,8c75e7f3-0b51-4ad1-9dd0-e3185ed73318,NCIS_ep263_CIAN.mp4,
3896124251001,d34e8555-97b8-463a-b1a8-29abb9a0fb69,NCIS_ep264_CIAN.mp4,
3896587191001,55219b04-49d0-4b5b-bcd5-a60dcc0921a6,NCIS_LA_601_1300k_16x9__24.wmv,
3896140823001,ee7a207b-17b2-47ba-8520-4c0e07b4bd25,NCIS10-IPJ-EPK-PREVIEW.mov,
3896587241001,f06492ca-4cfc-4e79-91dd-78fb50783e81,NCIS7_EPKPt1_1300K_16x9_24.mov,Interviews with Mark Harmon; Michael Weatherly; Cote de Pablo and David McCallum.
3896124267001,f10cac16-87ac-49b5-be40-d09fc6c92855,NCISLA_304_CIAN_DSI-24-16x9_1264.mp4,
3896725566001,fb89242e-716e-4e64-a57a-9ff53c23b6f4,NCISLA_ep403_CIAN.mp4,
3896725581001,ff4512cf-3d0b-47d8-8482-f181f7f5a7ed,NCISLA_ep512_CIAN.mp4,
3896140798001,82579bdf-6314-4510-9f92-237a58c50e9f,NCISLA_Ep524_1300K_16x9_24.wmv,
3896124256001,e923d0bb-d1ae-40d9-a444-56e40492fc98,NCISLA_ep525_CIAN.mp4,
3896587179001,23c78624-2d2f-44c5-89fb-95821994fa71,NCISLA_ep602_CIAN.mp4,
3896124205001,18d377d4-ce78-4a2c-865d-f975b9460773,NCISLA_ep603_CIAN.mp4,
3896140766001,179b36ec-cb37-44ca-bc3b-6cf7ff51a074,NCISLA_ep604_CIAN.mp4,
3896587262001,f4c93536-a8bf-4e2b-9faa-143e9a786fba,NCISLA3_REVELATIONS_CBSSI_EPK_PREVIEW.mov,
3896725542001,f6e17060-53cc-4e45-a04e-192a2557fa1a,NCISLosAngeles_Pedigre_9M.wmv,NCIS: LOS ANGELES builds on the success of NCIS. 
3896140807001,a54e16ae-98ba-4a7a-ad8e-47e874317473,NCISNewOrleans_Ep103_1300K_16x9_24.wmv,
3896140788001,56ed254f-d275-4923-8a4e-bd0a809496ff,NCISNO_ep102_CIAN.mp4,
3896124215001,445dd6fa-fced-474f-837f-3067a76c4437,NCISNO_ep105_CIAN.mp4,
3896140769001,1a70db30-edf6-4072-a6ff-f1f785e5a317,NCISNO_ep106_CIAN.mp4,
3896140814001,cab5ceeb-841e-4c52-acdc-87ece1662051,NCNO S1 1ST LK EPK PT1 PREVIEW.m4v,
3896124257001,e9d082e5-5d51-432c-809a-d5256eedad04,NCNO S1 1ST LK EPK PT2 PREVIEW.m4v,
3896587176001,15b1d439-2c58-4ab4-b313-805963a00725,NCNO_s01_FirstLookEPK_Pt2-handbrake.mp4,
3896587198001,7edefcb8-7f3d-4d01-8aae-531d7dd871f9,NCNO-s01-Brody_Teaser.mp4,
3896124239001,a342cb7c-8121-4a0c-a0d6-4e68b1c80401,NCNO-s01-Emotional_Teaser.mp4,
3896587184001,3c8edbc6-440c-4a9b-a779-f8a875bb33db,NCNO-s01-Lasalle_Teaser.mp4,
3896124217001,46478630-d893-46a0-8f12-e5b51d28e4fd,NCNO-s01-New_Scene_Teaser.mp4,
3896140810001,c3494d20-7fa9-47f3-bdf9-6fc8683648a8,NCNO-s01-Pride_Teaser.mp4,
3896605680001,fd6bca88-d6b3-40d2-8a07-c7d4e71c18e3,NCNO-s01-Procedural_Teaser.mp4,
3896725577001,fe93b342-e890-4100-8ef5-a0d20d514a5e,NCNO-s01-Rhythm_Teaser.mp4,
3896124253001,de714c17-94f2-48c2-9f6e-b64f1a5867ac,NCNO-s01-Wade_Teaser.mp4,
3896725564001,fa4d4b10-1e65-453f-b0cf-20a18e20fe33,NightPartol_Ep103_1300K_16x9_30.wmv,
3896124265001,f0e72296-74bc-4842-9e8c-73187676a55f,NJK-s06-DirtyLittleSecretsTease.mp4,
3896605667001,f9169758-8dad-4145-a851-bd46a91d67f6,NLA S2 INTL EPK PT2 PREVIEW.m4v,
3896140802001,8984f49a-4fe0-484f-b7db-9d77bb3ab13e,NLA S6 Fight Featurette PREVIEW.m4v,
3896124255001,e698a1d4-f0fe-416b-99ba-3b9c1d5c5574,NLA-s06-Gen_On_the_Move.mp4,
3896140791001,60430e5b-25bf-421c-9533-2d7dbd69d511,NLA-s06-p0524.mp4,
3896124230001,886aae04-4eac-44ad-9e50-4dc45f10b44d,NLA-s06-p0524_Epic.mp4,
3896124207001,2a7809a0-7719-4c6f-85df-3b67d11d06b9,NOLA_104_1300k_16x9_24.wmv,
3896605860001,f6cf7a62-652d-4bc6-91aa-f17178d044f6,NTM-DK-S04-E0410-Web.mp4,
3896725561001,f96d711c-5144-4bb5-9227-9e56c3063f23,NTM-KR-S04-E0011-Web.mp4,
3896605688001,fee96065-00ee-4dd2-88ce-3749bbb2c6c3,Numbers_Ep026_1300K.wmv,Charlie and the team investigate a murder at a casino.
3896124284001,f5bf1856-d73b-423d-bf04-8272645ec848,NUM-EPK-S5-1300K_16x9_24.mov,Features cake cutting and clips with Rob Morrow; David Krumholtz; Judd Hirsch; Ravi Rawat; Dylan Bruno; Sophina Brown; Aya Sumika
3896140833001,f0e9cb1d-5ae0-4917-8337-5edbc3ab23b8,NurseJackie_Ep501_1300K_16x9_24.wmv,
3896587235001,ef7e40ad-d411-4b8b-ba2b-ca6f68bc2f87,NurseJackie_Ep510_1300K_16x9_24.wmv,
3896605878001,fc53526c-c286-466b-805f-0e14f7f91776,NurseJackie_Season1_BehindTheScenes_Part2_1300K_16x9_30.wmv,Part 2 of the Nurse Jackie Season 1 Behind the Scenes Comp Reel includes interviews with the crew and on-set B-roll.
3896140809001,b0c5eed8-70ed-4bff-9858-77b0423ba8a5,OddCouple_BirthdayParty_Eps101_1300k_16x9_24.wmv,
3896124285001,f6213bff-fac1-4d5f-aa82-ac08269c7840,OddCouple_Ep001_TUR_1300K_4x3_25.wmv,Siki Dostlar
3896124201001,0e7429ad-1c53-4cbe-a1db-585a8c4d3430,OddCouple_Pilot_Eps102_1300k_16x9_24.wmv,
3896124200001,09947560-cf80-4b35-91ac-9354fab78208,ODD-Matthew Greeting 2.mp4,
3896124259001,ee75b7d7-b98f-435e-a89d-9e3e94635d88,OneTrueLove_Promo_1M.wmv,Two strangers meet at the site of a serious car accident; and in one life-altering moment; they fall in love—despite the fact that they are both engaged to be married to their long-time partners. 
3896587266001,f5b7c967-8cfe-4742-8679-e4d9c6c46ad4,OnlineNation_ep102_1300K_4x3_30.wmv,
3896605687001,fee4ae99-bcf4-49e5-b4bb-98fa6126b056,Penny Dreadful - Literary Roots (Production Blog #2).mp4,
3896605870001,f9ade5f5-bdb3-449e-9afb-fdb9a96fec9f,PennyDreadful_Ep104_1300K_16x9_24.wmv,
3896140776001,2a2bbe67-e91b-4578-9466-7becefd18a6d,PND-s01-Literary_Added_Value.mp4,
3896605672001,fa86aaf9-f08f-4c39-873f-d6290085148b,PromisedLand_Ep305_1M.wmv,Josh sets out on the road by himself to help a troubled friend. Meanwhile Russell accidently gets mixed up with a con artist.
3896725553001,f83cafef-a6bd-4607-831e-283840edb3ef,PromisedLand_Promo_1M.wmv,A poignant adventure about a family traveling the highways and byways of America in search of work; wisdom and the chance to do some good.
3896124283001,f5acfeb5-22f0-431e-bcb8-9e7dbcbeb1f6,RandomYears_Ep006_1M.wmv,Wiseman is upset to find out that Todd and Alex have kept a secret from him since high school.
3896140793001,759ed178-14f5-4303-a7e6-75324aaa33ec,RAY-s02-About_CBSSI.mp4,
3896587187001,463e9c0a-5d0e-42a2-afb6-d179bd087d99,RAY-s02-Call_Me_Tease.mp4,
3896587207001,989fa655-deb2-4fa0-aec2-2957ce1a750f,RAY-s02-Jon_Voight_on_Mickey.mp4,
3896140782001,3dccf8ca-4e59-47b0-bce5-fe6fee6eab6e,RAY-s02-LookAhead.mp4,
3896140790001,598cd5d7-84cb-481a-b29c-e7679c7221c3,RAY-s02-Mashup.mp4,
3896725563001,fa32e2e2-12b3-40fe-be97-282e7d9ef23d,RECKLESS_ep103_CIAN.mp4,
3896124260001,ef4da45f-0e5a-4d6a-811d-1cf1fde6dce8,RECKLESS_ep108_CIAN.mp4,
3896605657001,f790b792-39c7-4978-ae9a-5e3207261d61,REIGN_104_1864.mov,
3896124232001,8b553a69-b2e2-4200-a69f-5e08211efc71,reign_202_1300k_16x9_24.wmv,
3896725569001,fc72685e-1c8a-445e-85c2-6b3db526570f,Reign_Ep108_1300K_16x9_24.wmv,
3896605663001,f85a255c-983e-44a7-b0d3-d33944645298,REIGN_ep122_CIAN_1900K.mov,
3896587211001,c1a830ac-6365-45ec-bf15-ad9db584b71d,Reign_Ep201__1300K_16x9_24.wmv,
3896587226001,e74c5add-22f6-4194-b72f-ab16f5b2d124,Reign_Ep201_1300K_16x9_24.wmv,
3896140762001,04824725-4b8a-4b29-9c46-20a27245f6b0,Reign-LA Screening-S1-Sizzle-Texted-2014.mp4,
3896605864001,f7c8aeb1-e846-467e-9eb3-36b07a7da4d5,RelatedByFamily_sp_1300K.wmv,Rick and Michelle are a modern day couple faced with the challenges of raising children from previous marriages. 
3896605882001,fd2d64ff-a8ef-4a62-9c1f-9cdff5bf7b3a,ResurrectionBlvd_Ep003_1300k_4x3_24.wmv,
3896124228001,7eb05463-8edd-4b54-8ed8-0d18246e9a9d,ResurrectionBlvd_Ep004_1300k_4x3_24.wmv,
3896587263001,f4f1d648-e5b5-4f8b-88e7-f3cee9e3c92c,Rob_001_1300K_16x9_24.wmv,
3896605671001,fa5c1dc1-ca81-42e5-bfd6-38d7c584215c,Rob_Pilot_Spanish_1300K_16x9_24.wmv,
3896140826001,eecaade5-c0e2-457f-b66d-ce062dee72a0,SCORPION LAS INTRO WebPreview.m4v,
3896124222001,51422d20-939d-4fab-872e-93cbcb54ea81,Scorpion_Clip_NLAcrossover_102314a.mov,
3896124213001,3e54eaf5-699d-46d5-bb07-b96b9527f2e9,Scorpion_Ep102_1300k_16x9_24.wmv,
3896587193001,644e5131-2518-48a9-b22a-315474c22d38,Scorpion_Ep103_1300k_16x9_24.wmv,
3896124248001,ca158dbd-00ff-4642-8aa9-b42400145fa8,SCORPION_ep104_CIAN.mp4,
3896587177001,16239277-3306-41f4-bc6f-d0c5bc69407a,SCORPION_ep105_CIAN.mp4,
3896124254001,debc2f3b-3548-4137-a4ae-5b88b6aa6423,SCORPION_ep106_CIAN.mp4,
3896140818001,d5a7868e-9a2a-4e72-b0ec-da6a8167d4fa,SCORPION_ep107_CIAN.mp4,
3896605869001,f98433a8-7ca3-4a70-8d80-db64ad0bafb9,Scorpion-TempPilot-anacorrection.mp4,
3896124236001,9b3e9ba6-483f-4151-b758-a76b81fc9755,SCP-Katharine Greeting 2.mp4,
3896587225001,e5d157b6-99d1-4a6a-b813-1e908ff3d250,SCP-s01-Brainstorm_Teaser.mp4,
3890065194001,031fc575-e19e-4d34-a149-f2fd2e61fab8,SCP-s01-High_Octane_Teaser.mp4,
3896587213001,c8b3dc81-dbcd-4294-ae67-f14a3d9bb31d,SCP-s01-I_Know_Teaser.mp4,
3896124234001,9a4773be-3e38-42a3-a9c3-d0278fcbdabd,SCP-s01-Narration_Teaser.mp4,
3896587219001,d762c79d-6e3b-493b-b03e-0f0fb59cf3d1,SCP-s01-Outsiders_Teaser.mp4,
3896587171001,0479e039-2c0f-469c-a7c9-de2e0977c76a,SCP-s01-p0103_Quotes_Version.mp4,
3896587223001,e3e5c08b-093d-49be-9cb9-c738d3d52f06,SCP-s01-Team_Teaser.mp4,
3896605664001,f8bec13a-232b-4e50-b2b5-91d05865abf8,SexLoveSecrets_05TCAPresentation_1300K.wmv,Set in the small; hip neighborhood of Silverlake; on the outskirts of Hollywood; this fresh; edgy; new drama explores the intimate and often complex relationships of a tight-knit group of friends finding out who they are and what they want in life. 
3896725572001,fd8d8fe6-f910-450d-b94b-7db1470e26be,SheddingForTheWedding_Ep104_v2_1300K_16x9_24.wmv,
3896605877001,fc412fc0-53a6-407d-898c-9ffd2da46189,SmashCuts_1015_1300K_4x3_30.wmv,Crazy and shocking clips curated from the internet - all for your enjoyment. Sit back and watch. 
3896605880001,fc9a1358-57d2-4504-94ab-b1708a853dd4,SNTM-S5-epi501_DVD.wmv,
3896587234001,ef20ebbd-1ae0-4e83-bb3b-7e105f7c25db,Sonsofthunder103_1M.wmv,Butchs newfound daughter finds that her fiancee has been murdered by a team of operatives working for a corrupt defense contractor.
3896140771001,23198a6c-5caa-45f3-92e9-fecf97be5dbb,StarTrekTNG_HDRemasteredSales_9000K_4x3_24.wmv,
3896140839001,f25ea91b-9287-43bc-a7fc-3436518f2179,SURVIVOR_2710_CIAN.m4v,
3896605670001,fa3b0888-9b06-45b2-be54-ec4f9e2d60cf,SURVIVOR_ep2714_FINALE_CIAN_1864.mov,
3896124281001,f582b383-9ff7-4bd3-b163-371b53cbca32,SURVIVOR_ep2806_CIAN.mp4,
3896587221001,de1ffc22-c1c1-4f25-ab9e-f03791fb381e,Survivor_Ep2901_1300K_16x9_30.wmv,
3896124203001,109a2f09-8b15-4a9d-be07-b4c96c251e2d,SURVIVOR_ep2902_CIAN.mp4,
3896124220001,4d765fce-b5b2-409f-894d-4df8d169fefb,SURVIVOR_ep2903_CIAN.mp4,
3896124204001,156027de-43b6-4f07-8d72-f1dd86d48d75,SURVIVOR_ep2904_CIAN.mp4,
3896587194001,65b95bd2-30bc-4a1c-b674-27987efb0446,SURVIVOR_ep2906_CIAN.mp4,
3896725541001,f6a7e763-7d5a-4752-9037-1975b3f54507,Survivor_Ep301_1300K_4x3_30.wmv,
3896725573001,fd9edc15-1c64-428a-812c-4f0f239e6ea9,SurvivorTocantins_Ep1801_Spanish_1300K_4x3_30.wmv,
3896140779001,36390225-1517-429f-b7bc-c1dcc36adcb7,SV24_s24_CastawaysEPK-I60-PKG_1300K_16x9.wmv,
3896140806001,a3074107-22b5-4e4f-925a-3875ec00687c,SV29-s29-New_Cast_Teaser.mp4,
3896140763001,04f53242-1912-4d69-a8d9-5c01b22022d3,SV29-s29-Premise_Teaser.mp4,
3847798908001,0445154d-4374-43b0-8926-8e2fc6bf549a,TALK_ep711_CIAN.m4v,
3896587267001,f5c66ecf-9a74-4b17-92af-72e5df4ead93,ThatsLife_Ep036_1M.wmv,Plum discovers that Gavin is the new teaching assistant assigned to her class; Valerie comes to the rescue when an attractive divorced friend tries to seduce Frank. 
3896140799001,84c7df6b-4966-4c55-a565-bd4b41621bd3,The_Good_Wife_EP_605_Recap_FINAL.mp4,
3896605662001,f8134f13-c00b-42da-932a-a9df0f641980,TheJeffProbstShow2012_9000K_16x9_30.wmv,
3896605683001,fe6cfcac-3f54-47f2-8457-a91424257cd5,TheMillers_Ep201_1300k_16x9_24.wmv,
3896124216001,45d07a92-8a9a-4f4d-a830-bea2e7177626,TheMillers_open_102314.mov,
3896124275001,f2409603-95dd-48cf-9246-49c199d98b10,ThreeRivers_Ep102-3_1300K_16x9_24.wmv,Place of Life
3896587231001,eeec0dc7-7a0b-43a8-b3d8-ffd68b06cffc,ThreeRivers_Heart_9M_16x9_30.wmv,Hope; heart and heroes come together on Three Rivers. 
3896605867001,f9557000-6a9e-4030-bbf3-374ef9e87096,TimeOfDeath_Ep102_1300K_16x9_24v2.wmv,
3896725552001,f83b8706-41a5-483e-9781-10f02891f62c,TimeOfDeath_Ep103_1300K_16x9_24.wmv,
3896605868001,f97ed344-c473-4e47-a708-d75d410b5b93,TML S1 INTRO CBSSI EPK PREVIEW.mov,
3896587228001,eb04da89-5bfb-4691-ba8f-02da9914fb87,TML S2 1ST LK Featurette PREVIEW.m4v,
3896605682001,fe08740c-4987-4b6f-ad55-106a698a9095,TopModel_Reel_9M_4x3_30.wmv,12 Cycles in the United States hosted by the Goddess of Fierce herself; Tyra Banks; plus versions in dozens of other countries. 
3896587190001,527d4265-d58c-462a-9655-5ed8d9707f48,TWIN PEAKS announcement.mp4,
3896587201001,88c1908a-f087-4009-9323-d251356349dc,TWIN_PEAKS_000_HD_PILOT_CIAN.mp4,
3896605874001,fb83ded7-6edd-465e-b530-77abe7e624e5,UFDOM14-PRES-INTL-inside.mp4,
3896587233001,ef07abec-f7bc-4bfb-be24-1dfa1af037c6,UNDER_THE_DOME_103_CONTENT_CIAN_DSI-16x9_24_1864.mp4,
3896605689001,ff08aff0-5f90-4285-84ce-a9bbf559d0e9,UNDER_THE_DOME_ep202_CIAN.mp4,
3896587238001,f03baf2e-5158-42bb-83b6-e8602d2fa073,UNDER_THE_DOME_ep209_CIAN_1848000.mp4,
3896140831001,f09373a6-0bfe-4a7f-aa93-55e5516dbca0,UNDER_THE_DOME_ep210_CIAN.mp4,
3896124237001,9bea51b5-7401-4675-acf3-ae05a9160813,UTD-s02-Bigger_Power_Teaser.mp4,
3896587182001,36ef67dc-77e7-4ca6-8576-004fe61de291,UTD-s02-Mysteries_Teaser.mp4,
3896140785001,498719ae-b28b-4d00-bfb2-caaf295db9a4,UTD-s02-p0213.mp4,
3896124274001,f2398a14-343b-4610-8efd-934147a4177b,VEGAS_EPK-Costumes1-PREVIEW.mov,
3896725555001,f89c1351-1288-4b95-bd02-1b3d69a9039f,Vegas_FirstLook_9000K_16x9_24.wmv,
3896140846001,f3b8a925-caa1-48fa-a664-5841781d3982,Vegas_Population_9000K_16x9_30.wmv,
3896140834001,f146b502-32c1-4655-a6b3-0d52e581a906,VEGAS-S1_CLSR LK_EPK_PREVIEW.mov,
3896140768001,19db3060-6472-4a5f-8404-e55c16940a03,VOYAGER_ep104_CIAN.mp4,
3896140787001,53eb73b4-c6e1-4bd6-9cd9-b7f7453f6319,VOYAGER_ep162_CIAN.mp4,
3896587173001,06feeb3f-3d69-4bb0-a128-ee1a43f62429,VOYAGER_ep240_CIAN.mp4,
3896587248001,f1b8de3f-aaea-4f87-bdee-c673169ea4dd,WelcomeToTheCaptain_EpPilot_1300K_4x3_24.wmv,Josh ends up moving into his friends apartment building known as The Captain to give a career in Hollywood one more shot.
3896587256001,f33ce8dd-8809-4cf0-9ffd-3c980a6c5d17,WheelOfFortune_AdSalesPromo_9000K_16x9_30.wmv,
3847797001001,e4ec63c6-dbc6-408e-9e2a-8b9e9a980736,WOF-Viet-S05-Ep-B.mp4,
3896140829001,f06282ac-ab55-4904-afbc-276abccdd8db,WOLF_LAKE_003_CONTENT_CIAN_FINAL_MUSIC_DSI-16x9_24_1264.mp4,
3896605665001,f8f04f90-5fa4-428d-a64d-e9d4cebbfc8a,WorstWeek_Pilot_1300K_16x9_24.wmv,Sam Briggs has to tell his girlfriend&#39;s parents that she&#39;s pregnant and they&#39;re getting married.